{
  "sigma": {
    "sigma_values": [
      0.3,
      0.5,
      0.8,
      1.0,
      1.5,
      2.0,
      3.0,
      5.0,
      8.0
    ],
    "tau_numerical": [
      0.19544097700542903,
      0.21479850285170082,
      0.19698519819191976,
      0.19854162060207065,
      0.21311463826707902,
      0.21144397396040002,
      0.21144397396040002,
      0.22518479494923618,
      0.21649567201250003
    ],
    "tau_theoretical": [
      0.20914412131748547,
      0.22348156959139756,
      0.21815358761426998,
      0.2157244152533175,
      0.23170791556501594,
      0.2100936853856102,
      0.21139411796520297,
      0.21258448301594776,
      0.21935118532847683
    ],
    "fisher": [
      0.4572341630777142,
      0.4004484065318958,
      0.42024763362092693,
      0.4297653473758529,
      0.37251885121461914,
      0.4531103650561704,
      0.44755271685738723,
      0.4425546141054237,
      0.4156712854414906
    ],
    "fits": {
      "numerical": {
        "alpha": -0.03228705349136028,
        "C": 0.20624860971283188,
        "R2": 0.5073165476123139,
        "p": 0.03132279022411019
      },
      "theoretical": {
        "alpha": 0.0008667898225742435,
        "C": 0.2168194957654994,
        "R2": 0.000778810913086051,
        "p": 0.9431848363735384
      }
    }
  },
  "horizon": {
    "h_values": [
      3,
      5,
      8,
      10,
      15,
      20,
      30,
      50,
      80,
      100
    ],
    "tau_numerical": [
      0.21820625087179402,
      0.20978640645105182,
      0.21649567201250003,
      0.2216680623346686,
      0.20651015195160544,
      0.21144397396040002,
      0.20328506303398455,
      0.21479850285170082,
      0.21649567201250003,
      0.2048912620309608
    ],
    "tau_theoretical": [
      0.20670583093463438,
      0.21229733703351675,
      0.21404525123749432,
      0.2154964541910385,
      0.22778959096444285,
      0.22346027268243912,
      0.21308123299069534,
      0.21580641421951693,
      0.20971016666395675,
      0.21650214136284865
    ],
    "fits": {
      "numerical": {
        "beta": 0.009094543888824884,
        "C": 0.21796948246105324,
        "R2": 0.13479147112370432,
        "p": 0.2966615946550808
      },
      "theoretical": {
        "beta": -0.004540167039844397,
        "C": 0.21258377868166348,
        "R2": 0.034970619965046794,
        "p": 0.6049358615482359
      }
    }
  },
  "architecture": [
    {
      "name": "Tiny",
      "n_states": 24,
      "temperature": 0.3,
      "alpha": 0.023068859889600904,
      "r2_alpha": 0.3377494474825353,
      "beta": 0.03919765328715669,
      "r2_beta": 0.5153282114439044,
      "spectral_gap": 0.08806256568840476
    },
    {
      "name": "Small",
      "n_states": 48,
      "temperature": 0.5,
      "alpha": -0.018213629710577238,
      "r2_alpha": 0.5595430542597112,
      "beta": -0.021263255512389098,
      "r2_beta": 0.3646961272863819,
      "spectral_gap": 0.03810843447296697
    },
    {
      "name": "Medium",
      "n_states": 100,
      "temperature": 0.5,
      "alpha": 0.017808141951151366,
      "r2_alpha": 0.2796307232696602,
      "beta": 0.01293014161699156,
      "r2_beta": 0.6582751421751847,
      "spectral_gap": 0.013253594686409298
    },
    {
      "name": "Large",
      "n_states": 150,
      "temperature": 0.5,
      "alpha": -0.006241547509715966,
      "r2_alpha": 0.1036566693057264,
      "beta": -0.015870991121370227,
      "r2_beta": 0.14269848925450082,
      "spectral_gap": 0.0057703620110372
    },
    {
      "name": "Cold",
      "n_states": 100,
      "temperature": 0.1,
      "alpha": -0.021155886004097,
      "r2_alpha": 0.5367247771814433,
      "beta": 0.004343950695070884,
      "r2_beta": 0.01707771668952352,
      "spectral_gap": 0.013253594686408965
    },
    {
      "name": "Warm",
      "n_states": 100,
      "temperature": 1.0,
      "alpha": 0.027022921671369802,
      "r2_alpha": 0.5254244263756497,
      "beta": -0.021096575762337443,
      "r2_beta": 0.8072871060116185,
      "spectral_gap": 0.013253594686407077
    }
  ]
}