{
  "sigma_dependence": {
    "sigma_values": [
      0.1,
      0.2,
      0.5,
      1.0,
      2.0,
      5.0,
      10.0
    ],
    "tau_values": [
      0.04498432668969444,
      0.04498432668969444,
      0.04498432668969444,
      0.04498432668969444,
      0.04498432668969444,
      0.03556480306223128,
      0.04498432668969444
    ],
    "alpha": 0.022582465109460558,
    "R2": 0.18046905824229464
  },
  "horizon_dependence": {
    "h_values": [
      5,
      10,
      20,
      50,
      100,
      200
    ],
    "tau_values": [
      0.03556480306223128,
      0.03556480306223128,
      0.04498432668969444,
      0.04498432668969444,
      0.03556480306223128,
      0.03556480306223128
    ],
    "beta": 3.925109848245286e-18,
    "R2": 2.0668444124365874e-33
  },
  "joint_surface": {
    "params": {
      "C": 0.044903891315910785,
      "alpha": 0.005303609573137202,
      "beta": 0.026838041835890655,
      "R2": 0.06831904624486296
    }
  },
  "architecture_dependence": [
    {
      "name": "Small (3\u00d72\u00d72)",
      "n_states": 12,
      "alpha": -0.06157300036090131,
      "beta": -0.028116632025325595,
      "R2_alpha": 0.5272115840332019,
      "R2_beta": 0.0414733531216807,
      "spectral_gap": 0.25000000000000133
    },
    {
      "name": "Medium (5\u00d72\u00d73)",
      "n_states": 30,
      "alpha": 0.026518047865684766,
      "beta": -0.0,
      "R2_alpha": 0.09778841596679824,
      "R2_beta": NaN,
      "spectral_gap": 0.09549150281252583
    },
    {
      "name": "Large (7\u00d73\u00d73)",
      "n_states": 63,
      "alpha": -0.0,
      "beta": 0.05985387756367628,
      "R2_alpha": NaN,
      "R2_beta": 0.4698585625959783,
      "spectral_gap": 0.04951556604879026
    },
    {
      "name": "Wide (5\u00d73\u00d75)",
      "n_states": 75,
      "alpha": -0.0,
      "beta": 0.03354755229486278,
      "R2_alpha": NaN,
      "R2_beta": 0.1476060780530164,
      "spectral_gap": 0.09549150281252439
    }
  ]
}