{
  "T_values": [
    0.05,
    0.1,
    0.2,
    0.3,
    0.5,
    0.8,
    1.0,
    1.5,
    2.0,
    3.0
  ],
  "tau_numerical": [
    0.02191897859270739,
    0.04312862624530582,
    0.08031287193190735,
    0.11810427690899468,
    0.21479850285170082,
    0.3363995984716652,
    0.42598522018083346,
    0.6567238860077028,
    0.8718257408245425,
    1.3230675906204699
  ],
  "tau_theoretical": [
    0.021505668087917585,
    0.04660426458572128,
    0.08793784774264958,
    0.1276883584654909,
    0.2319111073312841,
    0.33523336387171593,
    0.42242650845340096,
    0.6411722557876565,
    0.8796511304831924,
    1.2458726012369672
  ],
  "sigma_extreme": [
    0.05,
    0.1,
    0.2,
    0.5,
    1.0,
    2.0,
    5.0,
    10.0,
    20.0,
    50.0
  ],
  "tau_extreme": [
    0.11975025649143277,
    0.13501661106433469,
    0.13389059528632272,
    0.13946384870141335,
    0.14439862945856058,
    0.14327836800739338,
    0.1408025314841852,
    0.1403614519272664,
    0.14610126047308294,
    0.13767356869022507
  ]
}